<?xml version="1.0" encoding="UTF-8"?>
<!DOCTYPE mapper
 PUBLIC "-//mybatis.org//DTD Mapper 3.0//EN"
 "https://mybatis.org/dtd/mybatis-3-mapper.dtd">
<mapper namespace="userSQL">

	<insert id="write" parameterType="user">
		insert into usertable values(#{name}, #{id}, #{pwd})
	</insert>
	
	<select id="getUserList" parameterType="java.util.Map" resultType="user.bean.UserDTO">
		<![CDATA[
			select * from
			(select rownum rn, tt.* from
			(select * from usertable) tt
			)where rn>=#{startNum} and rn<=#{endNum}
		]]>
	</select>
		
	<select id="getUser" parameterType="String" resultType="user">
		select * from usertable where id=#{id}
	</select>
	
	<update id="update" parameterType="user">
		update usertable set name=#{name}, pwd=#{pwd} where id=#{id}
	</update>
	
	<delete id="delete" parameterType="String">
		delete usertable where id=#{id}
	</delete>
	
	<select id="search" parameterType="java.util.Map" resultType="user">
		<!-- XML -->
		<!-- 
		select * from usertable where 
		<if test="columnName == 'name'">
			name like '%' || #{value} || '%'
		</if>
		<if test="columnName == 'id'">
			id like '%' || #{value} || '%' 
		</if>
		-->
		
		<!-- 
		select * from usertable where 
		<choose>
			<when test="columnName == 'name'">
				name like '%' || #{value} || '%'
			</when>
			<otherwise>
				id like '%' || #{value} || '%' 
			</otherwise>
		</choose>
		 -->
		
		select * from usertable where ${columnName} like '%' || #{value} || '%'
		
	</select>
	
	<!-- 총글수 -->
	<select id="getTotalA" resultType="int">
		select count(*) from usertable
	</select>
	
	<!-- 업로드 -->
	<insert id="upload" parameterType="user.bean.UserImageDTO">
		insert into userimage values(seq_userimage.nextval, #{imageName}, #{imageContent}, #{image1})
	</insert>
	
	<!-- 업로드 목록 -->
	<select id="getUploadForm_AJax_list" resultType="user.bean.UserImageDTO">
		select * from userimage order by seq desc
	</select>
</mapper>
 
 
 
 
 
 
 
 
 
 
 
 
 
 
 